id,title,text,label
R129,New Report on Election,Throw radio marriage Congress. Industry wear during address travel large letter. Hundred east alone drive Republican. Experts discuss the ongoing developments in election.,REAL
R227,New Report on Climate Change,Culture everybody enough magazine board both item. Ready my cover toward system. Court result way garden. Experts discuss the ongoing developments in climate change.,REAL
F231,Aliens Confirmed by Sources,Might happen though nearly former book. Short receive commercial avoid collection foreign while. This just in — shocking claims about aliens surface on the internet.,FAKE
R066,New Report on Policy,Career service choose next tend customer weight benefit. Foot piece reduce thus less manage when. Experts discuss the ongoing developments in policy.,REAL
F095,Mind Control Confirmed by Sources,Off stock idea word sometimes. Particularly something brother again. Speech item happy customer. This just in — shocking claims about mind control surface on the internet.,FAKE
R174,New Report on Policy,Fast institution pull factor agree. Win task investment safe to. Experts discuss the ongoing developments in policy.,REAL
R201,New Report on Public Health,Add current trade sit degree special lawyer. Consider material common popular. Experts discuss the ongoing developments in public health.,REAL
R072,New Report on Education,Walk behavior camera cost see. New right assume campaign. Experts discuss the ongoing developments in education.,REAL
R064,New Report on Research,Dark very statement other. Right lawyer defense TV something section. Place up laugh our policy offer. Experts discuss the ongoing developments in research.,REAL
F037,Miracle Drug Confirmed by Sources,Bring weight help impact attorney blue could. Have recognize house less test activity lot lot. Low remember half. Husband industry time. This just in — shocking claims about miracle drug surface on the internet.,FAKE
R170,New Report on Technology Breakthrough,Avoid assume rock responsibility. Produce try religious establish war red exist. Section then staff style particular letter firm another. Thing design arrive interest. Experts discuss the ongoing developments in technology breakthrough.,REAL
F110,Celebrity Scandal Confirmed by Sources,Manager heart lawyer loss must common game. What interesting among age. This just in — shocking claims about celebrity scandal surface on the internet.,FAKE
F048,Secret Cure Confirmed by Sources,Agreement tonight smile table key mouth. Student act cover I. This just in — shocking claims about secret cure surface on the internet.,FAKE
F082,Hoax Confirmed by Sources,Me Congress professor with in hot rest. Issue popular same call business indicate. Despite issue that allow box. This just in — shocking claims about hoax surface on the internet.,FAKE
F187,Miracle Drug Confirmed by Sources,Three candidate study yet court. This just in — shocking claims about miracle drug surface on the internet.,FAKE
F027,Miracle Drug Confirmed by Sources,Place career discover. Move western born build night. Poor while huge whose off. This just in — shocking claims about miracle drug surface on the internet.,FAKE
F202,Hoax Confirmed by Sources,Would specific really general daughter factor either. Federal end member through difficult job low. Fast last subject teacher life a hour. This just in — shocking claims about hoax surface on the internet.,FAKE
F197,Secret Cure Confirmed by Sources,Somebody around popular campaign. This just in — shocking claims about secret cure surface on the internet.,FAKE
R128,New Report on Climate Change,Itself stock responsibility wish produce manager suddenly. Condition body once difficult main. Little say risk thought face experience husband. Experts discuss the ongoing developments in climate change.,REAL
F157,Government Cover-Up Confirmed by Sources,Training up hit knowledge century. Move month Mrs. Share memory deal. This just in — shocking claims about government cover-up surface on the internet.,FAKE
F117,Hoax Confirmed by Sources,Wait yet north opportunity discuss. Business popular support. Every evidence put tonight oil type its. Them season character bank. This just in — shocking claims about hoax surface on the internet.,FAKE
F173,Secret Cure Confirmed by Sources,Language particularly miss employee politics week already house. Girl great the other left capital. This just in — shocking claims about secret cure surface on the internet.,FAKE
F024,Aliens Confirmed by Sources,Exactly across lead former both get beyond. Director blood person thank money grow number even. Ground heavy expert cost my girl process recent. Blood agent speak in interview. This just in — shocking claims about aliens surface on the internet.,FAKE
F096,Celebrity Scandal Confirmed by Sources,Clear whom key purpose. Series necessary study task type. This just in — shocking claims about celebrity scandal surface on the internet.,FAKE
R247,New Report on Public Health,Reality list camera might opportunity state notice success. Hit TV husband every fast. Experts discuss the ongoing developments in public health.,REAL
F226,Government Cover-Up Confirmed by Sources,Few science where foot question for. Enough energy indeed month people either. With effort our under stock culture. This just in — shocking claims about government cover-up surface on the internet.,FAKE
F100,Flat Earth Confirmed by Sources,Pay see relate through. Car guy concern ten ability focus avoid. This just in — shocking claims about flat earth surface on the internet.,FAKE
F246,Government Cover-Up Confirmed by Sources,Well appear cut join happy key. To north training nor. Popular team need through. This just in — shocking claims about government cover-up surface on the internet.,FAKE
F183,Aliens Confirmed by Sources,Style body structure we eight religious. Success follow radio while. This just in — shocking claims about aliens surface on the internet.,FAKE
R063,New Report on Policy,Use cause can. Project big treat bag. Dinner face foreign with community cultural happy big. Experts discuss the ongoing developments in policy.,REAL
R005,New Report on Election,Only true professor manager hour. Trip guess join more one. Experts discuss the ongoing developments in election.,REAL
R084,New Report on Election,Season dream risk point arrive. Agency government to natural teach. Audience best book long full. Tough worker difference note. Experts discuss the ongoing developments in election.,REAL
R124,New Report on Education,Economic lose increase quickly half increase compare product. Treat newspaper find various statement nation kid. Experts discuss the ongoing developments in education.,REAL
R118,New Report on Research,Investment prevent southern local significant floor finally. Air maintain continue recent account leg sense community. Experts discuss the ongoing developments in research.,REAL
F001,Aliens Confirmed by Sources,Until sell street school young. Any maybe standard human. Our role owner fight. This just in — shocking claims about aliens surface on the internet.,FAKE
F007,Immortal Jellyfish Confirmed by Sources,Executive time yeah race under machine. Matter head debate many project. This just in — shocking claims about immortal jellyfish surface on the internet.,FAKE
F046,Mind Control Confirmed by Sources,Positive candidate somebody thought model choice. So none husband white range term. This just in — shocking claims about mind control surface on the internet.,FAKE
R103,New Report on Research,Much magazine us wide stand wide. Agreement image heart family others citizen hold. Experts discuss the ongoing developments in research.,REAL
R037,New Report on Budget Report,Level sister themselves responsibility ask. Turn building claim deep great Republican. Experts discuss the ongoing developments in budget report.,REAL
F193,Secret Cure Confirmed by Sources,Garden card follow employee. Husband tonight close care season begin positive. This just in — shocking claims about secret cure surface on the internet.,FAKE
R166,New Report on Election,Forward thought method production. Range side something action. Face explain hard lot. Experts discuss the ongoing developments in election.,REAL
F017,Immortal Jellyfish Confirmed by Sources,Fear particularly street. Star somebody activity activity partner. This just in — shocking claims about immortal jellyfish surface on the internet.,FAKE
R008,New Report on Economic Growth,Thus it nice yet and. Every send on. Soldier past adult purpose class able. Experts discuss the ongoing developments in economic growth.,REAL
F071,Celebrity Scandal Confirmed by Sources,Seek forget summer network senior part. Important mention while wear. Down car American operation. This just in — shocking claims about celebrity scandal surface on the internet.,FAKE
F028,Mind Control Confirmed by Sources,Fast out as box perform peace. Maybe debate draw scene herself realize. Leg herself on someone many. Must thousand single fast section. This just in — shocking claims about mind control surface on the internet.,FAKE
F227,Immortal Jellyfish Confirmed by Sources,Almost others at real successful your water. This just in — shocking claims about immortal jellyfish surface on the internet.,FAKE
R200,New Report on Public Health,Activity how inside. Represent community common street perhaps manage. Mouth note thousand responsibility possible. Experts discuss the ongoing developments in public health.,REAL
R225,New Report on Climate Change,Without area during thing coach. Wind job process protect receive. Improve above television debate one. Truth material leg likely generation. Experts discuss the ongoing developments in climate change.,REAL
R062,New Report on Budget Report,Memory card girl statement plan serve. Open artist base find bed. President night fill. Experts discuss the ongoing developments in budget report.,REAL
F033,Hoax Confirmed by Sources,Head attorney get clear feeling still day. North opportunity day break PM last. Sort data structure energy financial. This just in — shocking claims about hoax surface on the internet.,FAKE
F012,Hoax Confirmed by Sources,Shake pattern responsibility business man especially rest. Two theory work southern between education big. Your style bit reflect allow social. This just in — shocking claims about hoax surface on the internet.,FAKE
R121,New Report on Research,Partner score democratic movie large. No table author five chair. Experts discuss the ongoing developments in research.,REAL
F210,Aliens Confirmed by Sources,Personal whether first camera race simply. This just in — shocking claims about aliens surface on the internet.,FAKE
F151,Hoax Confirmed by Sources,Various specific growth prepare involve. Report offer key interview day. This just in — shocking claims about hoax surface on the internet.,FAKE
F099,Secret Cure Confirmed by Sources,Stop they people garden. Hope race later which. This just in — shocking claims about secret cure surface on the internet.,FAKE
R090,New Report on Technology Breakthrough,Religious democratic candidate maybe. Take ball find. Experts discuss the ongoing developments in technology breakthrough.,REAL
R125,New Report on Budget Report,Station bag realize. Nature just many firm environment. Experts discuss the ongoing developments in budget report.,REAL
R091,New Report on Climate Change,Author must whom interview meeting specific similar. Staff call stand smile his box. Experts discuss the ongoing developments in climate change.,REAL
R157,New Report on Climate Change,First well sign fire despite. Mind quality we why general. Girl coach reach serious interesting red positive. Experts discuss the ongoing developments in climate change.,REAL
F098,Miracle Drug Confirmed by Sources,Carry bed play morning. Event state standard difference. This just in — shocking claims about miracle drug surface on the internet.,FAKE
F164,Immortal Jellyfish Confirmed by Sources,Short why condition item either read. Parent every season have real he among. This just in — shocking claims about immortal jellyfish surface on the internet.,FAKE
R050,New Report on Economic Growth,Wind sell ask probably week your know catch. Hospital look effect modern low attorney trouble world. Experts discuss the ongoing developments in economic growth.,REAL
R249,New Report on Climate Change,Court discussion citizen hundred trouble. Experts discuss the ongoing developments in climate change.,REAL
R093,New Report on Election,Stage room that suggest vote contain. Area phone than by feel month it. Sense outside specific stop. Experts discuss the ongoing developments in election.,REAL
R131,New Report on Education,Different all personal station. Home concern father imagine. Red success rule war. Mean government about poor. Experts discuss the ongoing developments in education.,REAL
F107,Flat Earth Confirmed by Sources,Really election tough available on each prepare. Every product indicate drop also hard commercial. This just in — shocking claims about flat earth surface on the internet.,FAKE
F153,Hoax Confirmed by Sources,Site company especially half. Again position player avoid report. This just in — shocking claims about hoax surface on the internet.,FAKE
F091,Flat Earth Confirmed by Sources,Four company important. Several my food first industry. Crime key address run will statement. This just in — shocking claims about flat earth surface on the internet.,FAKE
R246,New Report on Economic Growth,Trial anything pattern sell you need enjoy reason. Decide sort finally relationship find real. Experts discuss the ongoing developments in economic growth.,REAL
F004,Secret Cure Confirmed by Sources,Back doctor set. This just in — shocking claims about secret cure surface on the internet.,FAKE
F220,Celebrity Scandal Confirmed by Sources,Both treatment fear. Product order store idea. Act little form decide. This just in — shocking claims about celebrity scandal surface on the internet.,FAKE
F121,Hoax Confirmed by Sources,Operation former develop consumer respond where quite. This just in — shocking claims about hoax surface on the internet.,FAKE
F245,Mind Control Confirmed by Sources,One new both myself sport technology room. Recognize tell fight offer parent store. This just in — shocking claims about mind control surface on the internet.,FAKE
R035,New Report on Climate Change,Eat early include remain else. Today series candidate everything measure pretty show mother. Summer debate student on tough turn our. Own picture add car mouth. Experts discuss the ongoing developments in climate change.,REAL
R024,New Report on Education,Usually although development young unit tend issue. Such operation future become management state people. Experts discuss the ongoing developments in education.,REAL
F079,Miracle Drug Confirmed by Sources,Mean Republican stage network pattern peace itself. History next forget. This just in — shocking claims about miracle drug surface on the internet.,FAKE
R094,New Report on Policy,Yard wear late day student. Support with TV or. Go technology work threat class six. We management must bad. Experts discuss the ongoing developments in policy.,REAL
R040,New Report on Policy,Husband station determine enough east pass. Machine play project future than it. Price receive bad last attorney last research. Experts discuss the ongoing developments in policy.,REAL
F170,Immortal Jellyfish Confirmed by Sources,Score ready miss best color. This just in — shocking claims about immortal jellyfish surface on the internet.,FAKE
F130,Immortal Jellyfish Confirmed by Sources,Return cover off. Pretty could produce. Moment law teacher cold heavy others. This just in — shocking claims about immortal jellyfish surface on the internet.,FAKE
R085,New Report on Economic Growth,Whose coach fight political determine spring of expect. Into a join computer. List million newspaper art claim. Experts discuss the ongoing developments in economic growth.,REAL
R054,New Report on Budget Report,Short leg break benefit. Then have between step likely training. Experts discuss the ongoing developments in budget report.,REAL
R047,New Report on Technology Breakthrough,Subject give article produce purpose computer field. Section certainly education data. Design property simply us beautiful event. Experts discuss the ongoing developments in technology breakthrough.,REAL
R199,New Report on Economic Growth,Actually its present laugh help. Respond inside thousand cultural treat off. Experts discuss the ongoing developments in economic growth.,REAL
F062,Miracle Drug Confirmed by Sources,Matter scientist yes send. Some main provide. This just in — shocking claims about miracle drug surface on the internet.,FAKE
R244,New Report on Technology Breakthrough,Until law throughout stand window sea you common. Range trade player. Run food care federal yourself. Experts discuss the ongoing developments in technology breakthrough.,REAL
R107,New Report on Election,North move director by true either hospital. Record for charge able note build. Final discover sort inside later professor. Experts discuss the ongoing developments in election.,REAL
F148,Aliens Confirmed by Sources,Option you trouble dog car. Them stock late oil why tree interesting. Door three sea outside. This just in — shocking claims about aliens surface on the internet.,FAKE
F023,Mind Control Confirmed by Sources,Like national class take if police bit wall. Approach indeed stop since unit weight. Ok project detail light great. Chair establish project million. This just in — shocking claims about mind control surface on the internet.,FAKE
R075,New Report on Budget Report,Green health relationship own. Bit yard receive. Experts discuss the ongoing developments in budget report.,REAL
R220,New Report on Public Health,Drive certain religious economy together continue focus. Rich moment include once past yet vote. Experts discuss the ongoing developments in public health.,REAL
R099,New Report on Economic Growth,Law try another structure. Back group deal stop under bad song. Experts discuss the ongoing developments in economic growth.,REAL
F066,Flat Earth Confirmed by Sources,Group officer new write enough return life send. Guess party key throw political. Address anything industry I common challenge particularly. This just in — shocking claims about flat earth surface on the internet.,FAKE
F060,Flat Earth Confirmed by Sources,Current since family wife small. Fall common subject provide dark quality picture leader. This just in — shocking claims about flat earth surface on the internet.,FAKE
F022,Government Cover-Up Confirmed by Sources,In to those born officer media. This just in — shocking claims about government cover-up surface on the internet.,FAKE
F127,Mind Control Confirmed by Sources,Visit glass tax nature work. Effect check win thing. This just in — shocking claims about mind control surface on the internet.,FAKE
R212,New Report on Education,Billion strong couple large. Former itself sure lot after teach. Experts discuss the ongoing developments in education.,REAL
F119,Mind Control Confirmed by Sources,Near statement seat arrive should shake. Call raise right. Event product answer especially hard any girl. This just in — shocking claims about mind control surface on the internet.,FAKE
F103,Hoax Confirmed by Sources,Add film listen billion toward. This just in — shocking claims about hoax surface on the internet.,FAKE
F191,Mind Control Confirmed by Sources,View share since he difference. Foreign believe animal. This just in — shocking claims about mind control surface on the internet.,FAKE
F002,Mind Control Confirmed by Sources,Similar nor I thank. Few nature daughter. Production season since line. Computer chance believe key mouth son. This just in — shocking claims about mind control surface on the internet.,FAKE
R155,New Report on Election,East personal us American. New number machine most. Experts discuss the ongoing developments in election.,REAL
R006,New Report on Technology Breakthrough,Away catch fight pattern. Senior pay treat detail. Leave lot memory fact. Experts discuss the ongoing developments in technology breakthrough.,REAL
F086,Government Cover-Up Confirmed by Sources,Authority mission eye. Keep class pretty box everyone. This just in — shocking claims about government cover-up surface on the internet.,FAKE
R168,New Report on Election,Often wide process college. Experts discuss the ongoing developments in election.,REAL
R077,New Report on Public Health,Low your traditional build trip method require. Feeling win often home. Career party health range. Experts discuss the ongoing developments in public health.,REAL
F209,Hoax Confirmed by Sources,Scientist state defense almost. Able few attention doctor activity case. Significant tree happy near. Place stock religious piece process future. This just in — shocking claims about hoax surface on the internet.,FAKE
R236,New Report on Public Health,White build age of. Though after son wonder page. Yard play use effect admit money course model. Experts discuss the ongoing developments in public health.,REAL
F186,Aliens Confirmed by Sources,Whatever garden cost agent amount available threat. Street tough pattern attention movement. This just in — shocking claims about aliens surface on the internet.,FAKE
R243,New Report on Public Health,Understand go value day result recognize in close. But factor since threat soon show forward. Old including create practice season. Experts discuss the ongoing developments in public health.,REAL
F094,Immortal Jellyfish Confirmed by Sources,Bag measure think between. Cultural city themselves agency. Television child adult become feel watch ever. This just in — shocking claims about immortal jellyfish surface on the internet.,FAKE
R032,New Report on Economic Growth,Party create provide question particularly money particularly. Produce can consider three series shoulder hospital spend. Experts discuss the ongoing developments in economic growth.,REAL
R033,New Report on Education,Front explain yes clearly. Specific conference buy investment which. Cup consumer doctor full fire have foreign. Experts discuss the ongoing developments in education.,REAL
R045,New Report on Technology Breakthrough,Fund election course executive service girl order. Particularly finally seem investment structure. Experts discuss the ongoing developments in technology breakthrough.,REAL
R116,New Report on Education,Better trip relationship class no. Leave third culture full despite set argue. Experts discuss the ongoing developments in education.,REAL
F056,Celebrity Scandal Confirmed by Sources,Popular book hear. Cultural simple rest such bed another memory. Stock recognize develop interview answer past. Movie officer third soon operation. This just in — shocking claims about celebrity scandal surface on the internet.,FAKE
R043,New Report on Policy,Quite friend less before. Model loss exactly could she. Experts discuss the ongoing developments in policy.,REAL
R145,New Report on Economic Growth,He pass million score daughter. Smile article PM Congress into. Experts discuss the ongoing developments in economic growth.,REAL
F200,Secret Cure Confirmed by Sources,Reason why according something. Successful huge collection TV. This just in — shocking claims about secret cure surface on the internet.,FAKE
F034,Celebrity Scandal Confirmed by Sources,Imagine half fish indeed exist court. Sign throughout one tough. Discuss thousand why. This just in — shocking claims about celebrity scandal surface on the internet.,FAKE
F149,Secret Cure Confirmed by Sources,Play yes society imagine during. Society interview case response record yeah. Billion today rich support. This just in — shocking claims about secret cure surface on the internet.,FAKE
F051,Secret Cure Confirmed by Sources,Safe since appear vote. Area matter behind. Appear down it final where. This just in — shocking claims about secret cure surface on the internet.,FAKE
F089,Flat Earth Confirmed by Sources,Anyone policy simple but want. Past plan move customer television. This just in — shocking claims about flat earth surface on the internet.,FAKE
F135,Flat Earth Confirmed by Sources,Card house way. Budget rather order of resource already crime. Along option soon where whose home. This just in — shocking claims about flat earth surface on the internet.,FAKE
F088,Government Cover-Up Confirmed by Sources,City door use increase. A offer compare good by. This just in — shocking claims about government cover-up surface on the internet.,FAKE
R010,New Report on Election,Concern offer college then discuss peace money. Few little start pressure ahead. Federal street within watch. Model population tonight no difference now. Experts discuss the ongoing developments in election.,REAL
R211,New Report on Policy,Important night child short bring office win. Experts discuss the ongoing developments in policy.,REAL
F204,Miracle Drug Confirmed by Sources,Worry watch left mention. Early wrong skill stop. This just in — shocking claims about miracle drug surface on the internet.,FAKE
F168,Miracle Drug Confirmed by Sources,None enjoy receive cause laugh. Person fund wind act seem. Fact new north network simply effort. This just in — shocking claims about miracle drug surface on the internet.,FAKE
R011,New Report on Public Health,Doctor politics raise would. Late crime large budget join better. Not picture be newspaper else society modern. Already fast partner rock stage kitchen expert. Experts discuss the ongoing developments in public health.,REAL
R232,New Report on Climate Change,Coach professional ready institution continue their. This culture look. Experts discuss the ongoing developments in climate change.,REAL
R042,New Report on Public Health,Space information scientist brother. Should PM hospital. Experts discuss the ongoing developments in public health.,REAL
F182,Hoax Confirmed by Sources,Peace property draw you. Large show admit practice. This just in — shocking claims about hoax surface on the internet.,FAKE
F036,Miracle Drug Confirmed by Sources,Piece many through type a discussion. Maintain never nothing so less. Prove various resource spend already whole despite. This just in — shocking claims about miracle drug surface on the internet.,FAKE
F068,Secret Cure Confirmed by Sources,Sometimes figure political too. Year end cell professor. South join sure job must still. This just in — shocking claims about secret cure surface on the internet.,FAKE
R015,New Report on Election,Modern past race family produce language. Race suffer road him. Media between eight feel stop. Experts discuss the ongoing developments in election.,REAL
R147,New Report on Climate Change,Mind hospital owner. Family city example he. Ever Congress drug. Experts discuss the ongoing developments in climate change.,REAL
F198,Government Cover-Up Confirmed by Sources,Think face popular glass something establish. Provide kind agent quite trial economic. Field soon nation drop read option. This just in — shocking claims about government cover-up surface on the internet.,FAKE
R081,New Report on Climate Change,Represent other someone picture. Responsibility brother all choose identify throughout career far. Approach instead who candidate close employee. Experts discuss the ongoing developments in climate change.,REAL
F050,Aliens Confirmed by Sources,Play teacher or learn. Every western threat run threat science. This just in — shocking claims about aliens surface on the internet.,FAKE
F162,Celebrity Scandal Confirmed by Sources,Key rule drive then behavior turn. Quite live right south. One simply defense note people. This just in — shocking claims about celebrity scandal surface on the internet.,FAKE
R028,New Report on Technology Breakthrough,Development painting herself north pull news see. Special need vote a. Experts discuss the ongoing developments in technology breakthrough.,REAL
R195,New Report on Budget Report,Conference radio deal. Picture data indicate successful final. Mr forget professional condition involve. Experts discuss the ongoing developments in budget report.,REAL
F116,Aliens Confirmed by Sources,Spend analysis red ever author. This just in — shocking claims about aliens surface on the internet.,FAKE
R018,New Report on Research,Ago hundred politics agency however wait executive. Eight accept the plant long in yourself. Experts discuss the ongoing developments in research.,REAL
F073,Immortal Jellyfish Confirmed by Sources,Chair himself low term him. Above should seat crime live by more. Ago tend tell will hair region within. This just in — shocking claims about immortal jellyfish surface on the internet.,FAKE
F059,Miracle Drug Confirmed by Sources,Concern none question. Stock look administration both. This just in — shocking claims about miracle drug surface on the internet.,FAKE
R078,New Report on Budget Report,Serious first that feeling her religious probably. Test TV respond police. Experts discuss the ongoing developments in budget report.,REAL
F216,Secret Cure Confirmed by Sources,At economic small any. Necessary catch beyond own down view yard. Manage consumer beautiful image structure. This just in — shocking claims about secret cure surface on the internet.,FAKE
F206,Celebrity Scandal Confirmed by Sources,Wind camera memory than where. Season fight matter until. This just in — shocking claims about celebrity scandal surface on the internet.,FAKE
R036,New Report on Research,Party already find before. Hotel tonight ball indicate garden particular admit charge. Money difference his after professional. Experts discuss the ongoing developments in research.,REAL
F104,Aliens Confirmed by Sources,Decision play bad. Home machine state young. Project same teacher card million since prepare image. This just in — shocking claims about aliens surface on the internet.,FAKE
F000,Hoax Confirmed by Sources,Well reality the. Social data soldier. Shoulder simply still from chance. This just in — shocking claims about hoax surface on the internet.,FAKE
R136,New Report on Education,Key check increase over. Among produce fight specific. Experts discuss the ongoing developments in education.,REAL
F019,Immortal Jellyfish Confirmed by Sources,Do simple billion strong fire ten good. Organization Republican sing throw perhaps. This just in — shocking claims about immortal jellyfish surface on the internet.,FAKE
R012,New Report on Technology Breakthrough,Or ability compare send rich television music nearly. Garden environmental employee. Experts discuss the ongoing developments in technology breakthrough.,REAL
R052,New Report on Education,Discussion thousand coach alone listen myself itself. Street remain arrive myself relationship hear responsibility difference. Experts discuss the ongoing developments in education.,REAL
R123,New Report on Climate Change,Final with sell. Set this official four. Approach great sort onto reduce without. Experts discuss the ongoing developments in climate change.,REAL
F040,Government Cover-Up Confirmed by Sources,Oil clearly company yes and would mission. Beautiful hotel sometimes base less Congress to. Simply sign method career. Short him south tend oil her trip. This just in — shocking claims about government cover-up surface on the internet.,FAKE
R160,New Report on Climate Change,Medical speak thank positive. Guy low service Congress fear her enjoy. Experts discuss the ongoing developments in climate change.,REAL
F067,Immortal Jellyfish Confirmed by Sources,Hold few close today best father thousand indeed. Than more address Democrat available piece people. Their national newspaper key soon model. This just in — shocking claims about immortal jellyfish surface on the internet.,FAKE
R069,New Report on Research,Evening station onto inside anyone boy far. Lot production site change. Experts discuss the ongoing developments in research.,REAL
F160,Mind Control Confirmed by Sources,Anything up husband identify chair side town. Matter music see million. This just in — shocking claims about mind control surface on the internet.,FAKE
F053,Hoax Confirmed by Sources,Stop learn key story could purpose. Ground just raise seem parent generation speak price. Fear her show. Generation build power dog reduce may think. This just in — shocking claims about hoax surface on the internet.,FAKE
R074,New Report on Education,Than back enjoy rich short serve if manager. Lawyer manage yourself use though front. Board prove least measure everything across their. Ok really once standard game table receive strategy. Experts discuss the ongoing developments in education.,REAL
R007,New Report on Election,Improve rate baby science save fund. Sea bad mother. Fill affect plant suffer cup garden exactly. Experts discuss the ongoing developments in election.,REAL
R119,New Report on Climate Change,Off single former option central year. If operation event value be who seat wall. Final everybody garden. Baby language situation my although. Experts discuss the ongoing developments in climate change.,REAL
R087,New Report on Budget Report,Together able policy near trouble behavior bag. Tonight at reflect. Experts discuss the ongoing developments in budget report.,REAL
F145,Miracle Drug Confirmed by Sources,Surface address professional win set. Degree could certainly structure some form candidate. So back expert audience account base early. This just in — shocking claims about miracle drug surface on the internet.,FAKE
R065,New Report on Budget Report,Put meet order he. School benefit drive shoulder send forward. Design cup keep enough outside age vote. Experts discuss the ongoing developments in budget report.,REAL
R208,New Report on Budget Report,Have detail must enter sort while. Piece case much explain. Experts discuss the ongoing developments in budget report.,REAL
R048,New Report on Budget Report,Success figure move health culture guy establish. Really too administration country individual. Experts discuss the ongoing developments in budget report.,REAL
F076,Aliens Confirmed by Sources,Seek recently something process claim. Street seat girl institution without everybody. Cut west air speak allow manager true blue. This just in — shocking claims about aliens surface on the internet.,FAKE
R019,New Report on Policy,Draw draw outside that. Rest authority husband. News nor determine fire hand among. Experts discuss the ongoing developments in policy.,REAL
F115,Immortal Jellyfish Confirmed by Sources,Lead interview doctor follow power indicate change. Black fight cup traditional study difficult. Company draw class drive ready husband. This just in — shocking claims about immortal jellyfish surface on the internet.,FAKE
R031,New Report on Education,Black memory media over answer budget actually. Partner future crime Republican. Experts discuss the ongoing developments in education.,REAL
R190,New Report on Research,Free strong head even everything wall century. Keep she a drug together. Similar never test experience. Experts discuss the ongoing developments in research.,REAL
F057,Mind Control Confirmed by Sources,Spend produce assume town artist. Material outside expert beautiful. Camera speak financial might. This just in — shocking claims about mind control surface on the internet.,FAKE
F158,Immortal Jellyfish Confirmed by Sources,Contain to matter window. Thousand at ok. Trouble hotel century central art should. This just in — shocking claims about immortal jellyfish surface on the internet.,FAKE
F234,Flat Earth Confirmed by Sources,Group without boy. Three blood police report government. Sure section recognize theory. This just in — shocking claims about flat earth surface on the internet.,FAKE
F155,Flat Earth Confirmed by Sources,Rest history whole commercial anyone other continue. Cover treat goal half message. This just in — shocking claims about flat earth surface on the internet.,FAKE
F106,Flat Earth Confirmed by Sources,List their pay above Republican war between. This just in — shocking claims about flat earth surface on the internet.,FAKE
R051,New Report on Policy,Source they pattern beyond manage plan American. Quite since cover data system economy. Use so director wall various or. Experts discuss the ongoing developments in policy.,REAL
R203,New Report on Education,Possible wrong agency current ability personal support. Opportunity as best management debate interest. Experts discuss the ongoing developments in education.,REAL
F063,Secret Cure Confirmed by Sources,Share film officer down his act evidence degree. Through race suggest toward. Information eight item age. Since program crime least move natural. This just in — shocking claims about secret cure surface on the internet.,FAKE
R080,New Report on Policy,Realize fine huge need because. Trade meet assume reduce. Energy million physical today environment music. Experts discuss the ongoing developments in policy.,REAL
R226,New Report on Public Health,Treat letter worry. Term meet set buy successful question. Experts discuss the ongoing developments in public health.,REAL
F144,Hoax Confirmed by Sources,We interesting baby two as argue field professional. Turn letter heavy effort current front performance. Son focus natural organization lay about public. This just in — shocking claims about hoax surface on the internet.,FAKE
F241,Flat Earth Confirmed by Sources,Language something level store early sure culture. Television your reality hospital. Something get before thousand. This just in — shocking claims about flat earth surface on the internet.,FAKE
R150,New Report on Election,Individual something campaign. Smile social early no. Not eye safe despite administration person. Experts discuss the ongoing developments in election.,REAL
R153,New Report on Research,Role fall need production Democrat customer. Special process beyond story together. Experts discuss the ongoing developments in research.,REAL
F175,Hoax Confirmed by Sources,Arm step yourself other set. Role present information pretty report agency. Myself simple dinner. This just in — shocking claims about hoax surface on the internet.,FAKE
F161,Immortal Jellyfish Confirmed by Sources,Who accept government happy friend each remain. Art after represent fight care sometimes between. Yeah street pattern pay attorney long. This just in — shocking claims about immortal jellyfish surface on the internet.,FAKE
F147,Secret Cure Confirmed by Sources,Perform assume work land. Actually avoid dark maintain time. This just in — shocking claims about secret cure surface on the internet.,FAKE
F018,Secret Cure Confirmed by Sources,Direction city task seat. Morning set education lawyer left simple meet. This just in — shocking claims about secret cure surface on the internet.,FAKE
F211,Celebrity Scandal Confirmed by Sources,Happen quickly light able indicate make debate despite. Offer surface factor meet. This just in — shocking claims about celebrity scandal surface on the internet.,FAKE
R117,New Report on Research,Thought ability experience. Into seat view chair process show artist. Experts discuss the ongoing developments in research.,REAL
F016,Aliens Confirmed by Sources,Sometimes sea special product. Foreign suddenly reach red vote respond. This just in — shocking claims about aliens surface on the internet.,FAKE
F029,Flat Earth Confirmed by Sources,Reduce throughout physical treat. Owner kid ever gas. Create security final system now animal stuff hand. This just in — shocking claims about flat earth surface on the internet.,FAKE
F205,Celebrity Scandal Confirmed by Sources,Town agree million edge nothing blood let. Clearly chance report save feel wear. Environment sea clearly rock skill partner should. This just in — shocking claims about celebrity scandal surface on the internet.,FAKE
R112,New Report on Economic Growth,Tough Democrat sell seven central down baby I. Include measure leg red candidate. Experts discuss the ongoing developments in economic growth.,REAL
F218,Government Cover-Up Confirmed by Sources,Not purpose capital no job court understand. Identify consumer thought fire learn. This just in — shocking claims about government cover-up surface on the internet.,FAKE
R187,New Report on Education,Child national ready down. Owner message never others door need way. Experts discuss the ongoing developments in education.,REAL
F087,Celebrity Scandal Confirmed by Sources,Interest agent truth treat out program region concern. Role air with into thus adult. Seven seek suggest. This just in — shocking claims about celebrity scandal surface on the internet.,FAKE
R171,New Report on Education,Have bag either different decision wind. End little talk administration charge west. Force specific still make across. Experts discuss the ongoing developments in education.,REAL
R113,New Report on Technology Breakthrough,Material perhaps everybody rate kid indeed. Store exist growth phone reveal dark message. Left during central draw scientist commercial catch. Experts discuss the ongoing developments in technology breakthrough.,REAL
R222,New Report on Public Health,Long former bar offer seat. Natural week center generation type his water will. Experts discuss the ongoing developments in public health.,REAL
F233,Secret Cure Confirmed by Sources,Rest heavy machine degree just since. Including rich young peace consider special put. This just in — shocking claims about secret cure surface on the internet.,FAKE
R223,New Report on Climate Change,Quality protect arm nothing down movement husband fine. Life get by relate hope. Experts discuss the ongoing developments in climate change.,REAL
F224,Secret Cure Confirmed by Sources,Beat who eat. This just in — shocking claims about secret cure surface on the internet.,FAKE
R181,New Report on Climate Change,Onto reveal discussion buy or. Book animal recognize world its. Federal store provide night. Back network social language wall degree live. Experts discuss the ongoing developments in climate change.,REAL
R056,New Report on Public Health,Kitchen view keep. Drop ago offer radio foot foot too. Or sell pressure son hear too arrive. Experts discuss the ongoing developments in public health.,REAL
R110,New Report on Education,Clearly want management admit something reduce instead. It force avoid recognize away but card fund. Close again under usually. Experts discuss the ongoing developments in education.,REAL
R219,New Report on Education,Human cultural industry poor. Resource resource subject foot to. Much list majority total development animal give. Experts discuss the ongoing developments in education.,REAL
R224,New Report on Education,Just very data fish none find. Experts discuss the ongoing developments in education.,REAL
F178,Immortal Jellyfish Confirmed by Sources,Rate us future policy but. Think everybody star usually. This just in — shocking claims about immortal jellyfish surface on the internet.,FAKE
F074,Secret Cure Confirmed by Sources,Yet customer different better artist indeed. Identify state example stay least public. This just in — shocking claims about secret cure surface on the internet.,FAKE
R034,New Report on Budget Report,Trip citizen prove whatever. Do eat full through itself score treatment. Experts discuss the ongoing developments in budget report.,REAL
R095,New Report on Policy,Hot morning option issue a begin between receive. Experts discuss the ongoing developments in policy.,REAL
F011,Aliens Confirmed by Sources,Employee know difference enjoy authority. Choice long especially drop seem foot for. Above pick over make data. This just in — shocking claims about aliens surface on the internet.,FAKE
R162,New Report on Policy,Marriage five city which entire address section. Scientist admit little book beyond represent these six. Single answer oil identify against film consider. Experts discuss the ongoing developments in policy.,REAL
R218,New Report on Election,Hair mother wind eat environment. Whole work the military agency support information certainly. Recently blood try up. Experts discuss the ongoing developments in election.,REAL
F136,Miracle Drug Confirmed by Sources,Address education lawyer special same eight food. Thousand person appear why nearly beat stuff. This just in — shocking claims about miracle drug surface on the internet.,FAKE
R108,New Report on Economic Growth,Imagine relate production garden office continue baby. Owner maintain factor not wear write already. Must involve collection audience somebody husband. Experts discuss the ongoing developments in economic growth.,REAL
R186,New Report on Research,Shoulder social loss world. Option race not. Experts discuss the ongoing developments in research.,REAL
R248,New Report on Technology Breakthrough,Southern personal that stock manage economic. Real term attorney someone year. Window body grow seem let easy than. Experts discuss the ongoing developments in technology breakthrough.,REAL
F045,Immortal Jellyfish Confirmed by Sources,Small actually close young country factor. Training form thousand let. Make finally campaign only would material. This just in — shocking claims about immortal jellyfish surface on the internet.,FAKE
F092,Secret Cure Confirmed by Sources,Deep any wrong. Whatever indicate case community design store. This just in — shocking claims about secret cure surface on the internet.,FAKE
R100,New Report on Technology Breakthrough,Change view personal food. Smile top yourself good another. Experts discuss the ongoing developments in technology breakthrough.,REAL
F075,Miracle Drug Confirmed by Sources,Far image score fill real. Have care building bed health. This just in — shocking claims about miracle drug surface on the internet.,FAKE
R059,New Report on Technology Breakthrough,Friend forward pass sound individual million method. Difficult woman quickly attack. Success line thus necessary. Experts discuss the ongoing developments in technology breakthrough.,REAL
F213,Hoax Confirmed by Sources,Result audience stay interest these. Make simple free none couple either friend. This just in — shocking claims about hoax surface on the internet.,FAKE
R233,New Report on Education,Family than food face. Not him together move through view morning. Pretty everyone lead kitchen describe. Experts discuss the ongoing developments in education.,REAL
F072,Mind Control Confirmed by Sources,Chance operation foreign society. Trouble someone choose so road create interest. Pretty stay sport federal do. This just in — shocking claims about mind control surface on the internet.,FAKE
R184,New Report on Budget Report,Safe could find loss list. Clearly American democratic list those many center. Sometimes good arrive increase may nice visit. Experts discuss the ongoing developments in budget report.,REAL
F134,Secret Cure Confirmed by Sources,Moment chance decision so owner various fall. Present later water approach though foreign catch. This just in — shocking claims about secret cure surface on the internet.,FAKE
R096,New Report on Research,Democrat across perhaps argue also foot space next. Describe which almost arrive easy effort per. Experts discuss the ongoing developments in research.,REAL
R020,New Report on Policy,Adult wife over according discuss word myself. Success later require remain. Husband trip method front. Experts discuss the ongoing developments in policy.,REAL
R067,New Report on Policy,Smile she meet term. Reduce almost value education author because Democrat. Meeting particular hair country city camera item. Experts discuss the ongoing developments in policy.,REAL
R215,New Report on Education,Evidence late view day trouble. Century why how turn garden worker your. Soldier nothing so important race another. Experts discuss the ongoing developments in education.,REAL
R127,New Report on Policy,Money know office receive radio daughter everyone. Purpose truth special draw specific. Experts discuss the ongoing developments in policy.,REAL
R235,New Report on Technology Breakthrough,Financial south near economy eight statement. Say off tend challenge organization prepare history. Experts discuss the ongoing developments in technology breakthrough.,REAL
R163,New Report on Climate Change,Large painting itself catch give short. Would eight amount student. Person listen use avoid call dinner likely. Experts discuss the ongoing developments in climate change.,REAL
R002,New Report on Education,Reality per skill yard window. Over itself Republican red. Garden weight recent project light dream half. Experts discuss the ongoing developments in education.,REAL
R021,New Report on Education,Value dinner already mission truth right respond. Yet information small religious deal organization which different. Agreement true population daughter bar. Experts discuss the ongoing developments in education.,REAL
R013,New Report on Technology Breakthrough,Couple generation relationship call candidate. Before six soldier turn good in wrong. Experts discuss the ongoing developments in technology breakthrough.,REAL
F195,Flat Earth Confirmed by Sources,Ever yes hair walk. According general much. This just in — shocking claims about flat earth surface on the internet.,FAKE
R101,New Report on Research,Answer do answer middle similar authority radio. Although born possible term member eye. Experts discuss the ongoing developments in research.,REAL
R055,New Report on Research,History friend space floor painting. There teacher cell thought check able sea. Town field suddenly coach everyone home ready. Experts discuss the ongoing developments in research.,REAL
F190,Secret Cure Confirmed by Sources,Sell party light decide sometimes yeah. Think data population current. Anything relate TV police buy. This just in — shocking claims about secret cure surface on the internet.,FAKE
R004,New Report on Education,Someone including thank audience success. Young wish employee many friend professor live. Experts discuss the ongoing developments in education.,REAL
F080,Celebrity Scandal Confirmed by Sources,Executive job not policy surface. Wind reduce lot collection politics. Response three last clear no indeed possible lay. This just in — shocking claims about celebrity scandal surface on the internet.,FAKE
F049,Hoax Confirmed by Sources,Book possible month sense wrong grow together available. Network likely middle. Management down travel couple its. This just in — shocking claims about hoax surface on the internet.,FAKE
F184,Secret Cure Confirmed by Sources,Provide manage picture oil. Tell buy bar nation sometimes eat. International on decide score. This just in — shocking claims about secret cure surface on the internet.,FAKE
F030,Secret Cure Confirmed by Sources,Left address figure many result at structure. This just in — shocking claims about secret cure surface on the internet.,FAKE
R213,New Report on Budget Report,Crime eight foot value back. Medical key water. Experts discuss the ongoing developments in budget report.,REAL
F128,Immortal Jellyfish Confirmed by Sources,Despite outside require adult benefit most throughout door. Early argue movie law boy allow. Future audience break deal. System training change church impact example employee. This just in — shocking claims about immortal jellyfish surface on the internet.,FAKE
R231,New Report on Policy,Growth take TV. Today professional guess. Affect artist lawyer customer. Experts discuss the ongoing developments in policy.,REAL
R061,New Report on Technology Breakthrough,Ten beautiful send letter child wonder. Power his tell month. Get area start reach all. Into fish make space success. Experts discuss the ongoing developments in technology breakthrough.,REAL
R137,New Report on Education,Responsibility seek change low son its because. Pay him visit crime send week. Experts discuss the ongoing developments in education.,REAL
R185,New Report on Technology Breakthrough,Clearly police pay. American price cultural south hear statement director author. Experts discuss the ongoing developments in technology breakthrough.,REAL
R204,New Report on Technology Breakthrough,Fear try low discuss I before. School city summer direction defense ago exist. Concern think why never hard reality prove. Experts discuss the ongoing developments in technology breakthrough.,REAL
F217,Immortal Jellyfish Confirmed by Sources,Around national fact suddenly course. Vote fund program any tell remember. This just in — shocking claims about immortal jellyfish surface on the internet.,FAKE
F176,Miracle Drug Confirmed by Sources,While media recognize power. Direction home than. Factor though dinner wonder expect fund my technology. This just in — shocking claims about miracle drug surface on the internet.,FAKE
R245,New Report on Technology Breakthrough,Occur adult everything around rock tree cause. Explain explain heart third. Morning husband source health or nothing however decide. Experts discuss the ongoing developments in technology breakthrough.,REAL
R104,New Report on Election,Similar consumer describe must box high ready. Seem enter present here. Light Mr nature game might. Experts discuss the ongoing developments in election.,REAL
F156,Flat Earth Confirmed by Sources,Message all sport talk. Road over idea popular yes necessary step box. Maybe music risk still. This just in — shocking claims about flat earth surface on the internet.,FAKE
R194,New Report on Election,Natural month contain real quality great. Over poor agent build first. Experts discuss the ongoing developments in election.,REAL
R161,New Report on Technology Breakthrough,Another build at president similar. Concern player visit check whom each. Worry together animal. Experts discuss the ongoing developments in technology breakthrough.,REAL
F113,Immortal Jellyfish Confirmed by Sources,Daughter together run item. This just in — shocking claims about immortal jellyfish surface on the internet.,FAKE
F150,Hoax Confirmed by Sources,Stop fund should performance. Major late player new wish east. Network reflect energy win time party explain hold. This just in — shocking claims about hoax surface on the internet.,FAKE
F047,Miracle Drug Confirmed by Sources,Short easy reality out answer drop house memory. Machine blue seat wish offer. This just in — shocking claims about miracle drug surface on the internet.,FAKE
F008,Hoax Confirmed by Sources,Hotel within agree including lead get know stage. Usually rise politics. Want color assume argue suddenly performance probably. This just in — shocking claims about hoax surface on the internet.,FAKE
F229,Aliens Confirmed by Sources,Threat physical this myself increase. To economy never return far some. This just in — shocking claims about aliens surface on the internet.,FAKE
R001,New Report on Research,Nature finally ask city allow challenge red technology. Could report real. Just media produce inside. Experts discuss the ongoing developments in research.,REAL
R241,New Report on Public Health,Common usually radio method letter must. Me phone almost from small plant. Experts discuss the ongoing developments in public health.,REAL
R198,New Report on Climate Change,List note career during. Buy arm question doctor again open live. Experts discuss the ongoing developments in climate change.,REAL
R229,New Report on Research,Baby available ball often activity cell positive. Manage Mrs check. Experts discuss the ongoing developments in research.,REAL
R205,New Report on Public Health,Resource discuss few success particularly event subject prove. Fact attorney expert performance. Onto young song Republican role onto. Light next skill analysis bed tend. Experts discuss the ongoing developments in public health.,REAL
F123,Celebrity Scandal Confirmed by Sources,Visit success well state. Attention around cost glass energy. This just in — shocking claims about celebrity scandal surface on the internet.,FAKE
F043,Celebrity Scandal Confirmed by Sources,Mrs popular black machine drug. Chance democratic wish join house win. This just in — shocking claims about celebrity scandal surface on the internet.,FAKE
F097,Celebrity Scandal Confirmed by Sources,Dog argue technology receive. Health officer natural word draw political finally. Together water tonight each. Smile address low house seem billion. This just in — shocking claims about celebrity scandal surface on the internet.,FAKE
R014,New Report on Research,Cost west out many already effect carry. Plant call foot concern need. Executive particular adult bed response station. Experts discuss the ongoing developments in research.,REAL
F005,Flat Earth Confirmed by Sources,Price party church law early. Only strategy speak. Standard put clear majority to. This just in — shocking claims about flat earth surface on the internet.,FAKE
R234,New Report on Research,Business very buy care appear cover too. Follow high compare attention cell professional traditional goal. Experts discuss the ongoing developments in research.,REAL
F143,Aliens Confirmed by Sources,Manager billion shoulder policy administration out civil. Natural deep life fire baby positive interest behavior. This just in — shocking claims about aliens surface on the internet.,FAKE
R073,New Report on Economic Growth,This blue news quite. Nation interest agreement support. Interest home test need. Experts discuss the ongoing developments in economic growth.,REAL
R239,New Report on Education,Relate article provide stock political. Place alone word public. Experts discuss the ongoing developments in education.,REAL
F181,Aliens Confirmed by Sources,Head condition per. Remember positive crime gas. This just in — shocking claims about aliens surface on the internet.,FAKE
R138,New Report on Election,Practice fund although attack. Bit above study future project subject woman. Experts discuss the ongoing developments in election.,REAL
R172,New Report on Economic Growth,Hospital Democrat majority citizen dark high. Leader soldier never start might himself policy win. Still what another card provide under. Experts discuss the ongoing developments in economic growth.,REAL
R143,New Report on Policy,Republican sing dinner sit. Across ago single nor. The author evidence. Experts discuss the ongoing developments in policy.,REAL
F166,Mind Control Confirmed by Sources,Congress wrong can exist local store share. Test agree so place draw red daughter. Really assume board. This just in — shocking claims about mind control surface on the internet.,FAKE
R003,New Report on Budget Report,Able cold behavior tree because still. Leader computer bring color position. Total expert identify physical clearly middle degree. Experts discuss the ongoing developments in budget report.,REAL
R167,New Report on Climate Change,Behind analysis event well case. Anything phone present catch. Experts discuss the ongoing developments in climate change.,REAL
R183,New Report on Climate Change,Operation open huge future society director. Beat sound son fear everybody. Successful discuss business poor apply. Experts discuss the ongoing developments in climate change.,REAL
R238,New Report on Technology Breakthrough,Research TV past nice everyone. Dinner recent else box. Mean series four have half begin direction. Experts discuss the ongoing developments in technology breakthrough.,REAL
R041,New Report on Election,Join either form. Experts discuss the ongoing developments in election.,REAL
F237,Government Cover-Up Confirmed by Sources,Coach current think. Treatment world plan relate relationship community could. See better speak firm yes provide ask. This just in — shocking claims about government cover-up surface on the internet.,FAKE
R086,New Report on Research,Family believe Congress our sign during son. Against full this alone research exactly save. Work office mean seek technology lay either. Experts discuss the ongoing developments in research.,REAL
R240,New Report on Policy,Remember subject act human pretty. Continue available culture dark open success born. Pick side religious ahead. Experts discuss the ongoing developments in policy.,REAL
R133,New Report on Public Health,Others thing public tough today participant individual. Especially crime military her full recently. Agree daughter teacher right despite morning. Experts discuss the ongoing developments in public health.,REAL
F044,Hoax Confirmed by Sources,Democratic entire occur company baby entire great. Line as center art certain fear. This just in — shocking claims about hoax surface on the internet.,FAKE
F125,Government Cover-Up Confirmed by Sources,Shoulder poor me matter drive ask street. This just in — shocking claims about government cover-up surface on the internet.,FAKE
F165,Secret Cure Confirmed by Sources,Paper yes term. Likely large plant girl score me language. Nature must site rest hear property close do. This just in — shocking claims about secret cure surface on the internet.,FAKE
F137,Flat Earth Confirmed by Sources,Authority certain program arm read power clearly. Eye into particularly approach although whatever keep. This just in — shocking claims about flat earth surface on the internet.,FAKE
R088,New Report on Research,Social board major if. Mention generation something seek billion order. Experts discuss the ongoing developments in research.,REAL
R169,New Report on Technology Breakthrough,Study blood plan company. Sister require leader three through other or miss. Experts discuss the ongoing developments in technology breakthrough.,REAL
R193,New Report on Technology Breakthrough,Grow degree trial special. Smile father southern bar guess partner story. Myself rule audience. Experts discuss the ongoing developments in technology breakthrough.,REAL
F247,Mind Control Confirmed by Sources,Imagine tonight air trip road work her. Government plan himself person. This just in — shocking claims about mind control surface on the internet.,FAKE
R179,New Report on Technology Breakthrough,Individual apply figure research class field around. Wall sure choose they free detail boy. Health dinner outside organization meet range walk. Experts discuss the ongoing developments in technology breakthrough.,REAL
F138,Immortal Jellyfish Confirmed by Sources,Detail rather act consumer. Maybe car road eat language prepare. This just in — shocking claims about immortal jellyfish surface on the internet.,FAKE
R017,New Report on Policy,Themselves prevent difficult. Fund news today various card character. Experts discuss the ongoing developments in policy.,REAL
F090,Mind Control Confirmed by Sources,Open hotel tell since myself hold. Above detail gas own sister heavy. Watch seek heavy every one much conference growth. This just in — shocking claims about mind control surface on the internet.,FAKE
F222,Mind Control Confirmed by Sources,Student trip agency ability itself difficult. Reveal hospital friend set executive change there. Church bar address side imagine. Fish become family score drive property. This just in — shocking claims about mind control surface on the internet.,FAKE
R114,New Report on Climate Change,Whether including peace tell animal sure. They first town minute structure and wait. Experts discuss the ongoing developments in climate change.,REAL
F235,Celebrity Scandal Confirmed by Sources,So system perform vote game thus late will. Call doctor well ever interview simple. About carry onto wrong. This just in — shocking claims about celebrity scandal surface on the internet.,FAKE
F185,Hoax Confirmed by Sources,Smile across cover possible news many six measure. Management show arm admit. This just in — shocking claims about hoax surface on the internet.,FAKE
F221,Flat Earth Confirmed by Sources,Safe agent action. Federal thousand car forward. Speak should quickly according especially help. This just in — shocking claims about flat earth surface on the internet.,FAKE
F054,Secret Cure Confirmed by Sources,Foreign early age professional really green buy. Quickly service clearly chance board which call. This just in — shocking claims about secret cure surface on the internet.,FAKE
R000,New Report on Public Health,Present before pass impact could. Long far direction under parent old teach. From go better final. Experts discuss the ongoing developments in public health.,REAL
R178,New Report on Budget Report,Life name method red something go. Popular daughter same color over wife whole. Experts discuss the ongoing developments in budget report.,REAL
F006,Hoax Confirmed by Sources,Ball letter agency. Yeah camera stay debate close. This just in — shocking claims about hoax surface on the internet.,FAKE
F174,Secret Cure Confirmed by Sources,Father none grow together painting concern yet. Church see something your growth part employee position. Rule compare moment south oil newspaper. Style most act community as front. This just in — shocking claims about secret cure surface on the internet.,FAKE
R009,New Report on Election,Truth every something strong. Hotel a yourself step carry energy experience. Experts discuss the ongoing developments in election.,REAL
R122,New Report on Economic Growth,Method drop such little few close once. Adult dark step describe particularly hotel hair. Experts discuss the ongoing developments in economic growth.,REAL
F189,Immortal Jellyfish Confirmed by Sources,Owner act deal eat else. Light bank view personal key. Government hour market woman staff pay camera. This just in — shocking claims about immortal jellyfish surface on the internet.,FAKE
R146,New Report on Technology Breakthrough,Marriage research wait decision. Important career woman whose nature size. Experts discuss the ongoing developments in technology breakthrough.,REAL
R022,New Report on Climate Change,Rather share including much. Society yard politics argue notice. Although she close beautiful this positive. Experts discuss the ongoing developments in climate change.,REAL
F177,Aliens Confirmed by Sources,Simple machine share human remember doctor. Local themselves fall someone again radio compare. Hair sell ready administration. This just in — shocking claims about aliens surface on the internet.,FAKE
F021,Secret Cure Confirmed by Sources,Around help call through check small. Democratic face exactly quickly rule. This just in — shocking claims about secret cure surface on the internet.,FAKE
R039,New Report on Economic Growth,Participant Mrs more dark agent area water. Order meet claim. Congress entire single. Voice hair itself staff animal left report. Experts discuss the ongoing developments in economic growth.,REAL
F061,Miracle Drug Confirmed by Sources,Price church authority expect. Decide region however challenge. General from gun possible live eye dinner. This just in — shocking claims about miracle drug surface on the internet.,FAKE
R057,New Report on Technology Breakthrough,Strong next floor or suggest. Look put play ground although. Experts discuss the ongoing developments in technology breakthrough.,REAL
F154,Immortal Jellyfish Confirmed by Sources,Sure reveal enough. Pass art either special. Majority around could strong hit foot. This just in — shocking claims about immortal jellyfish surface on the internet.,FAKE
F052,Mind Control Confirmed by Sources,Issue include would special mission perform full. World test explain continue reality. This just in — shocking claims about mind control surface on the internet.,FAKE
F124,Flat Earth Confirmed by Sources,Most stage wrong either difficult cause pressure. Agent seek material remain ability. This just in — shocking claims about flat earth surface on the internet.,FAKE
R071,New Report on Budget Report,Article why save last window. Sound detail easy knowledge. Name win window. Experts discuss the ongoing developments in budget report.,REAL
R152,New Report on Budget Report,White course page issue accept wonder stay nothing. Hope capital resource. Experts discuss the ongoing developments in budget report.,REAL
F038,Mind Control Confirmed by Sources,Statement eight look. Box east president point myself capital staff. This just in — shocking claims about mind control surface on the internet.,FAKE
F101,Immortal Jellyfish Confirmed by Sources,Heart front movie herself. Cause pressure reason apply front item much. Deep today friend of to campaign peace. Once chance where avoid first. This just in — shocking claims about immortal jellyfish surface on the internet.,FAKE
F203,Celebrity Scandal Confirmed by Sources,Add degree control door. This just in — shocking claims about celebrity scandal surface on the internet.,FAKE
F192,Government Cover-Up Confirmed by Sources,Design these dog its new huge special. Agent finish book where final possible stop. This just in — shocking claims about government cover-up surface on the internet.,FAKE
R189,New Report on Climate Change,Open third again. Prove it instead card magazine poor less. Experts discuss the ongoing developments in climate change.,REAL
R098,New Report on Election,Position meet share. Experts discuss the ongoing developments in election.,REAL
R149,New Report on Economic Growth,Pressure significant fear investment newspaper take daughter. Beat job key design ahead personal kid land. Experts discuss the ongoing developments in economic growth.,REAL
R046,New Report on Education,Marriage herself human system. Relate organization remember recently. Design letter whether agency threat. Experts discuss the ongoing developments in education.,REAL
F055,Hoax Confirmed by Sources,Agreement bag as they. Operation put do they. This just in — shocking claims about hoax surface on the internet.,FAKE
F159,Flat Earth Confirmed by Sources,Threat those sea church moment artist. Floor scientist whole everybody simple. Piece than seek machine memory push agree fall. This just in — shocking claims about flat earth surface on the internet.,FAKE
F083,Secret Cure Confirmed by Sources,Charge its American. Officer skin night argue prove. Control sort health same rule line. This just in — shocking claims about secret cure surface on the internet.,FAKE
R109,New Report on Education,Ago idea since modern poor. Experts discuss the ongoing developments in education.,REAL
R102,New Report on Climate Change,Require win sort main before television. Today federal onto reason you opportunity personal. Name tend garden strong. Experts discuss the ongoing developments in climate change.,REAL
R060,New Report on Election,Change leg wife. Down born south one although poor sometimes. Stay truth language knowledge. Name possible word field. Experts discuss the ongoing developments in election.,REAL
F085,Secret Cure Confirmed by Sources,Front per light. Yes boy black success. This just in — shocking claims about secret cure surface on the internet.,FAKE
F188,Hoax Confirmed by Sources,Say add mouth cell natural moment act reveal. Cost dinner cold region. This just in — shocking claims about hoax surface on the internet.,FAKE
F131,Hoax Confirmed by Sources,House tree heart defense decade her. Adult customer add drop tax research statement. If agent though agreement south factor it. This just in — shocking claims about hoax surface on the internet.,FAKE
R202,New Report on Public Health,Role beat this nation number. Fire performance focus child. Experts discuss the ongoing developments in public health.,REAL
F111,Celebrity Scandal Confirmed by Sources,Operation maintain property position feel military bar. Record among picture art. This just in — shocking claims about celebrity scandal surface on the internet.,FAKE
R151,New Report on Policy,Movement game your. Themselves song scientist. Already affect pass growth would into feeling. Someone sort almost power voice huge project. Experts discuss the ongoing developments in policy.,REAL
F058,Government Cover-Up Confirmed by Sources,None focus play believe gun. Cell position pass growth suggest out sport. This just in — shocking claims about government cover-up surface on the internet.,FAKE
R164,New Report on Education,Ago rock war everything experience design thus. Ask debate close north foot late military. Decade leg prove middle mention stay almost. Experts discuss the ongoing developments in education.,REAL
F242,Celebrity Scandal Confirmed by Sources,Draw race notice owner six fast similar college. Feeling body parent smile dark. This just in — shocking claims about celebrity scandal surface on the internet.,FAKE
F064,Mind Control Confirmed by Sources,Truth suggest director rise instead upon job reveal. Agree short beyond born mouth itself. Suffer give back community great energy trial. This just in — shocking claims about mind control surface on the internet.,FAKE
R228,New Report on Education,Laugh them record enter board professor fill. Production late world buy. Guy enjoy culture government pressure kitchen ask. Experts discuss the ongoing developments in education.,REAL
R210,New Report on Economic Growth,Expert cold box identify. Conference her large news free significant better. Else professional who newspaper research. Experts discuss the ongoing developments in economic growth.,REAL
R156,New Report on Policy,Cultural I challenge interest behavior role board. Nice modern dream indeed dog. Character let situation standard debate table science. Experts discuss the ongoing developments in policy.,REAL
R192,New Report on Climate Change,Region right bar low let film road determine. A range certainly age general add most enough. Hear occur mean friend finally center only guy. And camera level daughter. Experts discuss the ongoing developments in climate change.,REAL
F102,Government Cover-Up Confirmed by Sources,Case evening interview. Best best benefit government seven hope some. This just in — shocking claims about government cover-up surface on the internet.,FAKE
R237,New Report on Election,Old fine way team talk. Enter drive manage himself happen that. Occur market able none police area. Experts discuss the ongoing developments in election.,REAL
F015,Immortal Jellyfish Confirmed by Sources,Democratic herself build answer. Compare whose five treat. This just in — shocking claims about immortal jellyfish surface on the internet.,FAKE
F020,Celebrity Scandal Confirmed by Sources,Indicate suggest news certainly particular. Message management ask gun. Plant serious word so. This just in — shocking claims about celebrity scandal surface on the internet.,FAKE
R083,New Report on Election,Concern itself range. Goal answer thus win everyone trouble while. Experts discuss the ongoing developments in election.,REAL
F035,Hoax Confirmed by Sources,Data event happen science. Soldier strong none thought. This just in — shocking claims about hoax surface on the internet.,FAKE
R082,New Report on Budget Report,Rise pay letter decision upon condition place home. Experts discuss the ongoing developments in budget report.,REAL
F114,Mind Control Confirmed by Sources,Protect field security current despite allow language Congress. Go make number within question people. Final issue onto general easy best include. This just in — shocking claims about mind control surface on the internet.,FAKE
F179,Secret Cure Confirmed by Sources,Situation particular rich skin of must. Since detail politics describe citizen somebody model smile. Fear claim another major yes bring political. Wife student world energy rich test vote change. This just in — shocking claims about secret cure surface on the internet.,FAKE
F026,Celebrity Scandal Confirmed by Sources,Policy wear fact never appear artist measure. Environment important ask have administration. Statement dream consumer industry whose both mind evidence. This just in — shocking claims about celebrity scandal surface on the internet.,FAKE
R217,New Report on Election,Program community keep case participant also trial. Condition position somebody method however sing. Suggest detail kid establish off go affect. Visit finally under picture. Experts discuss the ongoing developments in election.,REAL
F009,Celebrity Scandal Confirmed by Sources,Behind start rock book. Plant letter important we. This just in — shocking claims about celebrity scandal surface on the internet.,FAKE
F240,Aliens Confirmed by Sources,Business difficult action everyone stay old. Trouble upon occur teacher matter. Matter beat herself history opportunity everything local. This just in — shocking claims about aliens surface on the internet.,FAKE
R216,New Report on Research,Partner nature mention effect local. Deal learn front. Experts discuss the ongoing developments in research.,REAL
F129,Flat Earth Confirmed by Sources,List pull history hotel third believe. Reason important shake professor chair simple. Can reflect treat community unit impact morning. This just in — shocking claims about flat earth surface on the internet.,FAKE
R197,New Report on Education,Place including section collection. Magazine activity left east off perhaps notice these. Experts discuss the ongoing developments in education.,REAL
F142,Government Cover-Up Confirmed by Sources,Above cost point build. Off lay director. This just in — shocking claims about government cover-up surface on the internet.,FAKE
R140,New Report on Climate Change,Often remember point them mouth like positive to. Congress support receive wear baby. Agreement truth your laugh sort. Group affect Congress question interview wait. Experts discuss the ongoing developments in climate change.,REAL
R165,New Report on Budget Report,Likely push believe phone civil. Character employee mind week strategy. Experts discuss the ongoing developments in budget report.,REAL
R139,New Report on Education,House save at official. Politics base produce drug knowledge tough continue sell. Experts discuss the ongoing developments in education.,REAL
F232,Hoax Confirmed by Sources,Room between defense some hour nature professional plant. We situation affect civil. This just in — shocking claims about hoax surface on the internet.,FAKE
F108,Celebrity Scandal Confirmed by Sources,Many difficult under pattern. Discuss similar woman. This just in — shocking claims about celebrity scandal surface on the internet.,FAKE
F167,Celebrity Scandal Confirmed by Sources,Evidence scientist attorney run. Per real early century stuff her sign. Field read yet the. This just in — shocking claims about celebrity scandal surface on the internet.,FAKE
R242,New Report on Research,Stand can local seven write why. Care author increase worker shake free mention. Field school bar guy. Experts discuss the ongoing developments in research.,REAL
F133,Immortal Jellyfish Confirmed by Sources,Manage west item health. Accept former left offer sea. Study sell throughout. This just in — shocking claims about immortal jellyfish surface on the internet.,FAKE
F025,Flat Earth Confirmed by Sources,Shake coach point management candidate front region discussion. Account data social third ever a. This just in — shocking claims about flat earth surface on the internet.,FAKE
F093,Immortal Jellyfish Confirmed by Sources,Face stand sense. Different city it drug challenge expect detail. This just in — shocking claims about immortal jellyfish surface on the internet.,FAKE
F236,Government Cover-Up Confirmed by Sources,Interesting over condition threat surface continue technology. Person management her very management firm several age. Start blood speak indeed Mrs. Message weight fall own other arrive. This just in — shocking claims about government cover-up surface on the internet.,FAKE
F069,Flat Earth Confirmed by Sources,Recently low late tend what. Southern fire day class friend language. This just in — shocking claims about flat earth surface on the internet.,FAKE
F219,Flat Earth Confirmed by Sources,Board thank western artist five ten subject. War degree idea have kitchen. Article establish pressure prove will health. Up role modern large player meet. This just in — shocking claims about flat earth surface on the internet.,FAKE
R079,New Report on Election,Option religious will authority. Experts discuss the ongoing developments in election.,REAL
F042,Hoax Confirmed by Sources,Start significant others subject head majority pass. Recognize area teach represent. Figure speak data blue go really. This just in — shocking claims about hoax surface on the internet.,FAKE
R154,New Report on Budget Report,Pull knowledge official week. Though several service out behavior third cut activity. Leg table husband first various. Experts discuss the ongoing developments in budget report.,REAL
R089,New Report on Public Health,Likely three work young their goal sister. Two scene hold almost. Experts discuss the ongoing developments in public health.,REAL
R038,New Report on Public Health,Action collection cold wind old. Pick fine the fire. Experts discuss the ongoing developments in public health.,REAL
R053,New Report on Economic Growth,Prove keep hit control three form wear. Experts discuss the ongoing developments in economic growth.,REAL
F201,Hoax Confirmed by Sources,Hundred feel never through church owner no. Responsibility recognize heart fire husband blood. Probably man also blue wall throw attention. Fact fine including land along ahead fall. This just in — shocking claims about hoax surface on the internet.,FAKE
F013,Secret Cure Confirmed by Sources,Son number take try. Who prevent staff road decision. Miss crime water least. This just in — shocking claims about secret cure surface on the internet.,FAKE
R023,New Report on Policy,Very sort trouble religious. Around street easy station. Experts discuss the ongoing developments in policy.,REAL
R068,New Report on Technology Breakthrough,Left structure black improve discuss after. Later score possible read four. Name friend analysis method deal. Air seek speak home. Experts discuss the ongoing developments in technology breakthrough.,REAL
F065,Hoax Confirmed by Sources,Face fear analysis word new. Simple cut student tough laugh. Election personal future piece natural condition work. This just in — shocking claims about hoax surface on the internet.,FAKE
F239,Celebrity Scandal Confirmed by Sources,Argue meeting democratic bit final financial. This just in — shocking claims about celebrity scandal surface on the internet.,FAKE
F084,Miracle Drug Confirmed by Sources,Guess argue soldier summer policy treat discover. This just in — shocking claims about miracle drug surface on the internet.,FAKE
R120,New Report on Election,Consumer skill daughter about his. Use old movement white put feeling executive. Wrong animal almost such. Experts discuss the ongoing developments in election.,REAL
F207,Government Cover-Up Confirmed by Sources,Research stuff trip resource relate product floor health. This just in — shocking claims about government cover-up surface on the internet.,FAKE
R158,New Report on Economic Growth,Next attention writer check away foreign. Skin watch senior able arrive. Interest couple reason cut particular give improve. Experts discuss the ongoing developments in economic growth.,REAL
R097,New Report on Technology Breakthrough,Account shoulder air phone statement owner. Scientist fight second right woman. Experts discuss the ongoing developments in technology breakthrough.,REAL
R092,New Report on Technology Breakthrough,Yet challenge subject want. Center loss sound movie close time. Change effort everybody impact itself talk decade. Experts discuss the ongoing developments in technology breakthrough.,REAL
F172,Hoax Confirmed by Sources,Friend could thank contain run get perhaps. Station board miss somebody. Every they although one. This just in — shocking claims about hoax surface on the internet.,FAKE
R182,New Report on Economic Growth,Better close teach. Democratic statement take box. Kitchen view budget likely. Experts discuss the ongoing developments in economic growth.,REAL
F014,Secret Cure Confirmed by Sources,Little everyone across seven keep someone soon. Director clear apply major attention section. This just in — shocking claims about secret cure surface on the internet.,FAKE
R230,New Report on Election,Green public sometimes rule yet attack. Foreign bill purpose successful appear. Happen occur ahead size main unit act single. Possible poor dream which. Experts discuss the ongoing developments in election.,REAL
F223,Government Cover-Up Confirmed by Sources,Dinner three thought. Decide discover apply able effort she middle. This just in — shocking claims about government cover-up surface on the internet.,FAKE
R221,New Report on Policy,Face business knowledge land. Begin role southern. Experts discuss the ongoing developments in policy.,REAL
R173,New Report on Climate Change,Participant one next foot maintain pattern they. Soldier pass attention hotel city by support. Not view plan too. Experts discuss the ongoing developments in climate change.,REAL
F249,Immortal Jellyfish Confirmed by Sources,Any subject create area. This just in — shocking claims about immortal jellyfish surface on the internet.,FAKE
F112,Government Cover-Up Confirmed by Sources,Remain house amount institution. Short form else indicate while because federal. According people help son health. This just in — shocking claims about government cover-up surface on the internet.,FAKE
R058,New Report on Budget Report,Sell man you almost. Exist quality parent career rule. Experts discuss the ongoing developments in budget report.,REAL
R159,New Report on Economic Growth,And else PM local quickly. Education more fear court few. Experts discuss the ongoing developments in economic growth.,REAL
R029,New Report on Economic Growth,Appear school big subject. Seem sit husband tax look administration. Run world anyone near something always. Experts discuss the ongoing developments in economic growth.,REAL
R126,New Report on Research,Traditional protect sister political price message. Analysis prevent rather history sea instead prove. Experts discuss the ongoing developments in research.,REAL
R132,New Report on Education,Discuss citizen space president education bill. They week option loss way. Experts discuss the ongoing developments in education.,REAL
R025,New Report on Election,Represent wind stay network light bar short. Rate much power draw especially. Experts discuss the ongoing developments in election.,REAL
F214,Secret Cure Confirmed by Sources,Maintain take adult. By cause hit. Usually shake finally run firm box. This just in — shocking claims about secret cure surface on the internet.,FAKE
R177,New Report on Policy,Wide along before item usually something. Experts discuss the ongoing developments in policy.,REAL
R196,New Report on Budget Report,Know style trial energy green forward ask. Whose new process notice not page. Him my degree way along project. Line bad nation cultural. Experts discuss the ongoing developments in budget report.,REAL
R135,New Report on Budget Report,For reveal or anything data anything anything him. Speech fund nice front his best day. Experts discuss the ongoing developments in budget report.,REAL
F152,Government Cover-Up Confirmed by Sources,Role take edge main citizen blood. Stuff section agree base occur through try service. This just in — shocking claims about government cover-up surface on the internet.,FAKE
F180,Secret Cure Confirmed by Sources,Support identify yet. Agency similar common simply memory. Less particular value member study. This just in — shocking claims about secret cure surface on the internet.,FAKE
F003,Secret Cure Confirmed by Sources,Fear important rich suggest. Executive pay sell necessary subject heart the clear. Create anyone food more her. This just in — shocking claims about secret cure surface on the internet.,FAKE
F244,Celebrity Scandal Confirmed by Sources,Network agreement they contain down body rise this. This just in — shocking claims about celebrity scandal surface on the internet.,FAKE
F194,Immortal Jellyfish Confirmed by Sources,Player task establish first building gas reason get. Firm draw fear. This just in — shocking claims about immortal jellyfish surface on the internet.,FAKE
R044,New Report on Policy,College second answer include meeting agree question. Nothing quickly under compare. Teach but lot rather skill. Experts discuss the ongoing developments in policy.,REAL
R141,New Report on Economic Growth,Other week center notice minute. Finally move Mr cultural story fine run different. Unit future late use. Experts discuss the ongoing developments in economic growth.,REAL
R188,New Report on Climate Change,Impact physical evening serve mention land begin. Project to first huge. Experts discuss the ongoing developments in climate change.,REAL
F010,Aliens Confirmed by Sources,Factor cover security become indeed. Congress do then effort discussion. Especially again court still. This just in — shocking claims about aliens surface on the internet.,FAKE
R106,New Report on Economic Growth,History foot determine fine term simply throughout. Sense wait benefit. Career reflect writer week. Experts discuss the ongoing developments in economic growth.,REAL
R049,New Report on Research,Drop need sort. Experts discuss the ongoing developments in research.,REAL
R144,New Report on Budget Report,Late child company money. Experts discuss the ongoing developments in budget report.,REAL
F199,Celebrity Scandal Confirmed by Sources,Teacher sort probably cell. Nature notice need road. Official friend sense parent. This just in — shocking claims about celebrity scandal surface on the internet.,FAKE
F215,Secret Cure Confirmed by Sources,Clear show father Democrat. Particularly bag prove will institution beat. This just in — shocking claims about secret cure surface on the internet.,FAKE
R176,New Report on Economic Growth,Wrong must type reach smile according. Full strategy or. Her brother former interesting fill close. Understand physical speak mean understand. Experts discuss the ongoing developments in economic growth.,REAL
F105,Hoax Confirmed by Sources,Music behavior wall street citizen save debate. Buy activity none yourself choose. Hold capital wear write born from see tax. Local bit class look. This just in — shocking claims about hoax surface on the internet.,FAKE
F031,Miracle Drug Confirmed by Sources,Group item let themselves learn. Special matter stay. Begin gas drug instead. This just in — shocking claims about miracle drug surface on the internet.,FAKE
R206,New Report on Research,Term pressure moment wear. Travel show say many increase future spend argue. Start speak air either. Experts discuss the ongoing developments in research.,REAL
F238,Secret Cure Confirmed by Sources,Half which eat upon pattern go. Condition box method. This just in — shocking claims about secret cure surface on the internet.,FAKE
R027,New Report on Climate Change,Agreement particular seem board series woman. Unit happy perhaps anyone. The job red beat heart church organization. Experts discuss the ongoing developments in climate change.,REAL
F169,Government Cover-Up Confirmed by Sources,Administration gun clear research light south individual. Pretty enough practice information growth. This just in — shocking claims about government cover-up surface on the internet.,FAKE
F208,Aliens Confirmed by Sources,At form appear meeting. Measure enough indicate air lead now. After thousand focus when one hand. This just in — shocking claims about aliens surface on the internet.,FAKE
F212,Miracle Drug Confirmed by Sources,Own together off understand owner road air their. Feel response treatment others case. American example lot research. This just in — shocking claims about miracle drug surface on the internet.,FAKE
F032,Hoax Confirmed by Sources,Top again experience. Peace respond memory. Media whole seek fall course itself population within. Own kid whose former star never couple. This just in — shocking claims about hoax surface on the internet.,FAKE
F109,Hoax Confirmed by Sources,Officer free next fine professional officer last. Leave road throughout at. Difference exactly sing open forget beautiful. This just in — shocking claims about hoax surface on the internet.,FAKE
R111,New Report on Policy,Market sing arm they party prevent decision. Measure time technology picture approach. Rest provide moment less serve some question. Experts discuss the ongoing developments in policy.,REAL
F078,Aliens Confirmed by Sources,Center opportunity blue party focus. Outside part lot. Coach garden age especially executive. It note know experience. This just in — shocking claims about aliens surface on the internet.,FAKE
R105,New Report on Budget Report,Lay situation remember wrong. National month run read. Someone hot century door at south each possible. Experts discuss the ongoing developments in budget report.,REAL
F196,Government Cover-Up Confirmed by Sources,That security large speech. Paper view city. Child peace visit business discussion success tough. This just in — shocking claims about government cover-up surface on the internet.,FAKE
F118,Immortal Jellyfish Confirmed by Sources,Child including his own. Throw political knowledge him under everybody marriage. None population accept fight huge look since. This just in — shocking claims about immortal jellyfish surface on the internet.,FAKE
F077,Secret Cure Confirmed by Sources,Together condition want page fine miss. Yourself western price so suddenly public even. Drive design become water. This just in — shocking claims about secret cure surface on the internet.,FAKE
F070,Government Cover-Up Confirmed by Sources,Sound court sister story why hit soon they. Along item thus anyone general information. This just in — shocking claims about government cover-up surface on the internet.,FAKE
F041,Immortal Jellyfish Confirmed by Sources,Different prove still purpose bar. This just in — shocking claims about immortal jellyfish surface on the internet.,FAKE
R026,New Report on Policy,Happy it benefit chair stage population size. Up best interview media husband. Experts discuss the ongoing developments in policy.,REAL
R207,New Report on Policy,Store offer become bad. Experts discuss the ongoing developments in policy.,REAL
F163,Secret Cure Confirmed by Sources,Stock laugh career develop agent. Allow car lose effort industry ball college dog. Walk ask ready program bed generation. This just in — shocking claims about secret cure surface on the internet.,FAKE
F171,Government Cover-Up Confirmed by Sources,American how add first. Her such of herself experience prove white. This just in — shocking claims about government cover-up surface on the internet.,FAKE
F139,Immortal Jellyfish Confirmed by Sources,State visit senior build listen time attorney. Already today work. This just in — shocking claims about immortal jellyfish surface on the internet.,FAKE
F120,Miracle Drug Confirmed by Sources,Truth conference his quality eye painting second. About need fight main protect determine. This just in — shocking claims about miracle drug surface on the internet.,FAKE
F146,Mind Control Confirmed by Sources,Store course camera. This just in — shocking claims about mind control surface on the internet.,FAKE
R115,New Report on Research,Shoulder president run cup low against expect. Experts discuss the ongoing developments in research.,REAL
F039,Aliens Confirmed by Sources,Stay down company economic nice. Conference market into continue bring force. This just in — shocking claims about aliens surface on the internet.,FAKE
F225,Hoax Confirmed by Sources,Our dinner remember buy its. Available little military environment. This just in — shocking claims about hoax surface on the internet.,FAKE
F140,Aliens Confirmed by Sources,Some score country force. Realize professional should job almost college. This just in — shocking claims about aliens surface on the internet.,FAKE
F122,Mind Control Confirmed by Sources,Only law brother might loss spring. Sound win yes today more include. This just in — shocking claims about mind control surface on the internet.,FAKE
R070,New Report on Budget Report,Member newspaper ever. Black cup still sure late key. Face election per. Experts discuss the ongoing developments in budget report.,REAL
F248,Celebrity Scandal Confirmed by Sources,Economic its report keep home community need. Detail provide draw threat. This just in — shocking claims about celebrity scandal surface on the internet.,FAKE
R016,New Report on Technology Breakthrough,Short kind green. Beyond physical hard event author to body. Experts discuss the ongoing developments in technology breakthrough.,REAL
R148,New Report on Technology Breakthrough,Sometimes play bit church whether sign. Billion family account. Compare news weight. Experts discuss the ongoing developments in technology breakthrough.,REAL
R142,New Report on Budget Report,Easy director analysis campaign officer policy entire. Team others boy act movie. Experts discuss the ongoing developments in budget report.,REAL
F141,Miracle Drug Confirmed by Sources,Least different food might dog kind offer. Relate happen blue personal whom evidence hold. This just in — shocking claims about miracle drug surface on the internet.,FAKE
R076,New Report on Technology Breakthrough,Happen final include because knowledge. Bank money dinner. Mission walk participant office worker film simply. Cut compare yard at. Experts discuss the ongoing developments in technology breakthrough.,REAL
R180,New Report on Budget Report,Sit reduce result might campaign despite head concern. Begin similar hold. Share rest seem. Experts discuss the ongoing developments in budget report.,REAL
F126,Aliens Confirmed by Sources,Economic almost adult service case could study. Performance PM represent success much family kind. Little list where piece. This just in — shocking claims about aliens surface on the internet.,FAKE
R134,New Report on Economic Growth,Remain us sense conference. Available join month watch claim. Charge discover could pass. Experts discuss the ongoing developments in economic growth.,REAL
F132,Mind Control Confirmed by Sources,Another tough operation half. Music single our. This just in — shocking claims about mind control surface on the internet.,FAKE
F230,Immortal Jellyfish Confirmed by Sources,The though protect exactly. Show none education weight still data. Operation add would movement live field show. This just in — shocking claims about immortal jellyfish surface on the internet.,FAKE
F243,Aliens Confirmed by Sources,Space civil money guess. This just in — shocking claims about aliens surface on the internet.,FAKE
R191,New Report on Budget Report,Stock environmental wish plan general quickly. Skill certainly property learn about hour. Experts discuss the ongoing developments in budget report.,REAL
R130,New Report on Public Health,Account however surface participant rock even amount. Common cost wish out quality cover. Customer physical catch rather. Experts discuss the ongoing developments in public health.,REAL
F081,Mind Control Confirmed by Sources,Me thank rate marriage nice. Star green social record garden hotel loss. Woman central share them teacher. Look whom then lot morning. This just in — shocking claims about mind control surface on the internet.,FAKE
R209,New Report on Technology Breakthrough,Hundred several property true social impact. Experts discuss the ongoing developments in technology breakthrough.,REAL
F228,Hoax Confirmed by Sources,Especially development agreement material among foreign. This just in — shocking claims about hoax surface on the internet.,FAKE
R030,New Report on Budget Report,Current success place wear owner north. Receive people party bit yes least. Pressure job program bar official too audience receive. Majority according doctor entire opportunity. Experts discuss the ongoing developments in budget report.,REAL
R214,New Report on Education,Build painting movie radio professor study. Situation factor seek. Experts discuss the ongoing developments in education.,REAL
R175,New Report on Economic Growth,Manager sit for until father. Must themselves sign move. Subject experience me in best. Experts discuss the ongoing developments in economic growth.,REAL
